name,id,designation,tech/manufacturer,system id,fleet pts,hitpoints,armor rating,max flux,8/6/5/4%,flux dissipation,ordnance points,fighter bays,max speed,acceleration,deceleration,max turn rate,turn acceleration,mass,shield type,defense id,shield arc,shield upkeep,shield efficiency,phase cost,phase upkeep,min crew,max crew,cargo,fuel,fuel/ly,range,max burn,base value,cr %/day,CR to deploy,peak CR sec,CR loss/sec,supplies/rec,supplies/mo,c/s,c/f,f/s,f/f,crew/s,crew/f,hints,tags,rarity,breakProb,minPieces,maxPieces,travel drive,number
Broadpoint,mir_broadpoint,Multirole,High Tech,,,150,60,250,,60,,,270,360,250,160,320,35,FRONT,,270,0.1,1,,,1,1,,,,,,,,,,,,,,,,,,,,,,0,,,,
Bodkin TEST,mir_bodkin,Drone,High Tech,maneuveringjets,,50,125,100,,10,,,800,800,10,60,90,15,NONE,,,,,,,0,0,,,,,,,,,,,,,,,,,,,,,,0,1,1,,
Camphor,mir_camphor,Missile Frigate,Midline,flarelauncher,7,2400,200,3200,12000,240,35,,110,120,90,90,60,90,OMNI,,60,0.45,0.9,,,20,45,20,20,1,20,10,10000,6,10,240,0.25,7,6,,,,,,,,base_bp,,0.7,2,4,,243
Jaybird,mir_jaybird,Frigate,Low Tech,ammofeed,4,2000,400,800,,160,35,,140,150,120,90,60,110,FRONT,,360,0.45,1,,,5,25,40,30,1,30,11,18000,10,6,240,0.25,4,4,,,,,,,,,,,,,,
Matador TEST,mir_matador,Frigate,High Tech,displacer,8,4000,240,3000,,300,35,,140,160,120,90,70,180,FRONT,,360,0.45,0.9,,,6,25,30,50,2,25,10,25000,6,15,240,0.25,6,6,,,,,,,,,1,0.5,2,4,,270
MONGOOSE TEST,mir_mongoose,Gunship,Low Tech,maneuveringjets,5,2000,500,3250,,280,40,,105,150,100,90,60,110,FRONT,,180,0.4,1,,,15,30,30,30,1,30,10,16000,8,10,240,0.25,5,5,,,,,,,,,,,,,,
Nettle,mir_nettle,Frigate,Midline,flarelauncher,4,1800,320,2200,,140,35,,120,150,120,90,60,120,FRONT,,320,0.4,0.9,,,20,45,90,24,0.8,30,10,12000,6,8,240,0.25,4,4,,,,,,,,,,0.7,2,3,,
Orchid,mir_orchid,Frigate,Midline,maneuveringjets,5,1700,150,3200,,180,35,,115,150,120,90,60,75,FRONT,,120,0.5,0.9,,,15,25,30,35,1,35,10,10000,6,10,240,0.25,5,5,,,,,,,,base_bp,1,0.5,2,3,,269
Hind,mir_hind,Patrol Frigate,Low Tech,burndrive,2,700,300,1600,12000,100,22,,165,150,120,90,60,90,NONE,,,,,,,6,15,15,12,0.5,24,11,1600,6,12,240,0.25,2,2,,,,,,,ALWAYS_PANIC,base_bp,,0.7,2,3,,242
Marcato,mir_hyperwolf,Frigate,High Tech,temporalshell,6,1500,250,2000,,270,40,,120,150,120,75,50,100,FRONT,,240,0.45,0.8,,,20,45,30,20,1,20,10,40000,8,15,180,0.25,6,6,,,,,,,,,,0.5,2,2,,
Andante,mir_andante,Frigate,High Tech,mine_strike,4,1200,125,1600,,200,35,,140,200,150,90,70,100,FRONT,,360,0.4,0.7,,,12,36,15,25,1,25,11,16000,4,12,240,0.25,3,3,,,,,,,,,1,0.5,2,4,,
,,,,,,,,,,,,,,,,,,,,,,,,,,,,,,,,,,,,,,,,,,,,,,,,,,,,,
Sonata,mir_sonata,Yacht,High Tech,drone_pd,5,3200,200,3000,,250,45,,125,150,120,90,60,300,OMNI,,120,0.4,1.1,,,12,120,180,72,2,36,10,40000,4,16,300,0.25,5,5,,,,,,,,,1,0.8,2,4,,271
Stretto-Proto,mir_stretto_proto,Prototype,High Tech,maneuveringjets,8,3200,120,4800,,225,45,,80,105,90,75,60,300,FRONT,,240,0.5,0.8,,,30,65,45,50,2,25,9,25000,8,15,300,0.25,8,8,,,,,,,,,1,0.5,2,4,,270
Thistle,mir_thistle,Destroyer,Midline,highenergyfocus,10,3800,360,5600,,400,85,,95,85,75,45,60,300,OMNI,,150,0.45,0.9,,,40,65,80,50,2,25,9,40000,4,10,360,0.25,9,9,,,,,,,,,,0.5,2,3,,
Corax TEST,mir_corax,Destroyer,Low Tech,burndrive,9,4200,600,6000,,125,75,,80,120,90,90,60,300,OMNI,,120,0.4,1.1,,,20,50,30,30,1,30,9,16000,8,10,240,0.25,9,9,,,,,,,,,,,,,,
Hemlock,mir_hemlock,TEST,Midline,drone_sensor,12,5500,400,4500,,550,95,,60,50,35,16,30,500,FRONT,,120,0.45,0.9,,,40,65,80,50,2,25,9,40000,4,10,360,0.25,12,12,,,,,,,,,,0.5,2,3,,
,,,,,,,,,,,,,,,,,,,,,,,,,,,,,,,,,,,,,,,,,,,,,,,,,,,,,
Dissonance,mir_dissonance,Carrier,High Tech,,20,7000,600,6000,,350,110,3,70,150,125,45,60,1000,OMNI,,180,0.3,0.65,,,120,360,160,96,3.2,30,8,20000,4,12,420,0.25,20,20,,,,,,,CARRIER,base_bp,,0.7,2,4,,241
Lament,mir_lament,Attack Crusier,High Tech,microburn,18,5500,500,8500,12000,660,120,,85,100,80,36,50,750,OMNI,,180,0.3,0.7,,,50,90,80,96,3.2,30,8,75000,4,12,420,0.25,18,15,,,,,,,,base_bp,,0.7,2,4,,241
,,,,,,,,,,,,,,,,,,,,,,,,,,,,,,,,,,,,,,,,,,,,,,,,,,,,,
Ghostfish,mir_ghostfish,Fighter,High Tech,phasecloak,,250,40,200,,50,,,150,200,150,250,350,20,NONE,,0,0,0,0.3,0.12,2,2,,,,,,,,,,,,,,,,,,,PHASE,,,0,,,,
Thimble Drone,mir_thimble,,Midline,highenergyfocus,,125,35,100,,50,,,160,200,200,120,240,5,NONE,,,,,,,,,,,,,,,,,,,,,,,,,,,,,,0,,,,
Chook,mir_chook,Rocket Bomber,Midline,,,400,60,400,,50,,,180,300,200,160,240,60,NONE,,,,,,,1,3,10,6,0.2,30,10,800,5,15,180,0.15,3,1.5,,,,,,,,base_bp,0.5,0,,,,240
