id,variant,tags,tier,rarity,fleet pts,op cost,formation,range,attackRunRange,attackPositionOffset,num,role,role desc,refit,base value,,,,,,,,,,,,,number
mir_bodkin_base_wing,mir_bodkin_base,"fighter2, fighter, high, base_bp, merc",2,0.4,4,6,V,4000,1800,100,3,BOMBER,Attack Drone,8,2000,,,,,,,,,,,,,
mir_broadpoint_base_wing,mir_broadpoint_base,"fighter2, fighter, high, base_bp, merc",2,0.5,4,8,CLAW,4000,500,200,4,BOMBER,Multi-Role Fighter,10,2000,,,,,,,,,,,,,
mir_ghostfish_demo_wing,mir_ghostfish_base,"fighter2, fighter, high, base_bp, merc",2,0.4,4,6,BOX,3000,450,350,3,INTERCEPTOR,Phase Fighter,8,2000,,,,,,,,,,,,,
mir_thimble_lrpd_wing,mir_thimble_lrpd,"fighter2, fighter, high, base_bp, merc",1,0.5,4,4,V,1000,500,200,4,SUPPORT,Support Drone,8,2000,,,,,,,,,,,,,
,,,,,,,,,,,,,,,,,,,,,,,,,,,,
mir_chook_base_wing,mir_chook_base,"bomber3,bomber",0,,6,8,V,4000,1000,500,1,BOMBER,Bomber,10,2000,,,,,,,,,,,,,
