{
	# Reserved engine style ids (can not be used):
	# "CUSTOM"
	

	"HYPER":{
		#"mode":"QUAD_STRIP", # PARTICLES or QUAD_STRIP, determines which params are used
		#"engineColor":[100,165,255,255],
		#"contrailDuration":2,
		#"contrailWidthMult":3,
		#"contrailWidthAddedFractionAtEnd":3,  # can be negative. makes trail spread out/narrow at the end
		#"contrailMinSeg":10, # min segment length, in pixels
		#"contrailMaxSpeedMult":0.5f,
		#"contrailAngularVelocityMult":1f,
		#"contrailColor":[100,165,255,50],
		#"type":"GLOW" # GLOW or SMOKE; additive or regular blend mode
						
		"engineColor":[100,165,255,180],
		"contrailParticleSizeMult":4,
		"contrailParticleDuration":.8,
		"contrailParticleFinalSizeMult":3.0,
		"contrailMaxSpeedMult":2f,
		"contrailAngularVelocityMult":0.0000001f,
		"contrailColor":[100,80,255,55],
		"contrailCampaignColor":[100,165,255,75],
		"type":"GLOW" # GLOW or SMOKE
	},
	"MEGA":{
		#"mode":"QUAD_STRIP", # PARTICLES or QUAD_STRIP, determines which params are used
		#"engineColor":[100,165,255,255],
		#"contrailDuration":2,
		#"contrailWidthMult":3,
		#"contrailWidthAddedFractionAtEnd":3,  # can be negative. makes trail spread out/narrow at the end
		#"contrailMinSeg":10, # min segment length, in pixels
		#"contrailMaxSpeedMult":0.5f,
		#"contrailAngularVelocityMult":1f,
		#"contrailColor":[100,165,255,50],
		#"type":"GLOW" # GLOW or SMOKE; additive or regular blend mode
						
		"engineColor":[245,160,150,200],
		"contrailParticleSizeMult":4,
		"contrailParticleDuration":.5,
		"contrailParticleFinalSizeMult":7,
		"contrailMaxSpeedMult":.3f,
		"contrailAngularVelocityMult":3f,
		"contrailColor":[200,25,200,10],
		"contrailCampaignColor":[200,90,170,75],
		"type":"GLOW" # GLOW or SMOKE
	},
}

