name,id,tier,rarity,base value,range,damage/second,damage/shot,emp,impact,turn rate,OPs,ammo,ammo/sec,reload size,type,energy/shot,energy/second,chargeup,chargedown,burst size,burst delay,min spread,max spread,spread/shot,spread decay/sec,beam speed,proj speed,launch speed,flight time,proj hitpoints,autofireAccBonus,extraArcForAI,hints,tags,groupTag,tech/manufacturer,for weapon tooltip>>,primaryRoleStr,speedStr,trackingStr,turnRateStr,accuracyStr,customPrimary,customPrimaryHL,customAncillary,customAncillaryHL,noDPSInTooltip,number
Shortbeam,mir_shortbeam,1,,200,10,900,,,0,300,4,,,,ENERGY,,0,0,0.25,,,,,,,2400,,,,,,,SYSTEM,"pd7, beam7, SR, hightech_bp, midline_bp, merc",,,,Anti Armor,,,,,,,,,,17
Descant EMG,mir_descant,1,,200,750,,12,,2,120,5,72,12,8,ENERGY,2.5,,0,0.27,12,0.07,0,8,0.8,15,,1200,,,10,,,"SYSTEM, PD",pd7,,,,Point Defense,,,,,,,,,,48
Energy scattergun,mir_energy_scattergun,1,,250,500,,22,,0,100,5,32,6,16,ENERGY,15,,0.05,1.1,2,0.2,0.2,6.4,1,0.6,,900,,,40,,,"PD, PD_ALSO, SYSTEM, FIRE_WHEN_INEFFICIENT",,,,,General,,,,,,,,,,18
Darner Light Pursuit Missile,mir_darner,3,,5000,2500,,80,400,5,10,4,,,,FRAGMENTATION,,,0,8,3,0.4,3,6,1,1,,400,200,7.5,40,,,"SYSTEM, DO_NOT_AIM, HEATSEEKER",,,,,Anti Engine,,,,,,,,,,
Atgeir HVR,mir_atgeir_f,3,1,5000,1500,,160,,,12,6,9,0.1,3,FRAGMENTATION,0,,0,3,3,0.3,2,2,0,0,,1200,75,2.5,40,,,"SYSTEM, ANTI_FTR, CONSERVE_1, STRIKE, USE_VS_FRIGATES",,,,,Pressure,,,,,,,,,,
Atgeir HVR Launcher,mir_atgeir_s,3,1,5000,1500,,160,,,12,3,96,,,FRAGMENTATION,0,,0,0.3,,,0.5,8,0.35,0.5,,1200,75,2.5,40,,,"ANTI_FTR, CONSERVE_1",,,,,Pressure,,,,,,,,,,52
Lockdown EMG,mir_lockdown,1,,1200,600,,150,,,12,13,6,0.4,6,ENERGY,100,,0.1,1,,,0,6,1,0.6,,700,,,10,,,"PD, PD_ALSO, SYSTEM, FIRE_WHEN_INEFFICIENT",,,,,Suppression,,,,,,,,,,51
LYNX FIGHTER TEST,mir_lynx_f,1,,250,400,,30,,0,100,2,56,,,HIGH_EXPLOSIVE,2,,0.1,0.06,1,0.25,0.5,3,0.2,0.6,,800,,,40,,,"PD, PD_ALSO, SYSTEM, FIRE_WHEN_INEFFICIENT",,,,,,,,,,,,,,,50
minitorp rack,mir_minitorp_launcher,3,1,5000,1000,,550,,,12,3,4,,,HIGH_EXPLOSIVE,0,,0,0.6,,,1.5,3,1,0.15,,450,200,4,100,,,SYSTEM,,,,,Anti Armor,,,,,,,,,,
chook front pylons,mir_chook_front_pylons,,,,,,,,,,,,,,,,,,,,,,,,,,,,,,,,SYSTEM,,,,,,,,,,,,,,,43
chook rear pylons,mir_chook_rear_pylons,,,,,,,,,,,,,,,,,,,,,,,,,,,,,,,,SYSTEM,,,,,,,,,,,,,,,43
Chanson MRM,mir_chanson,3,,5000,2000,,800,,10,10,4,2,,,FRAGMENTATION,,,0,6,,0.4,1,1,1,1,,500,30,8,150,,,"SYSTEM, DO_NOT_AIM, DIRECT_AIM",,,,,Anti Small Craft,,,,,,,,,,
,,,,,,,,,,,,,,,,,,,,,,,,,,,,,,,,,,,,,,,,,,,,,,,,61
,,,,,,,,,,,,,,,,,,,,,,,,,,,,,,,,,,,,,,,,,,,,,,,,62
,,,,,,,,,,,,,,,,,,,,,,,,,,,,,,,,,,,,,,,,,,,,,,,,63
,,,,,,,,,,,,,,,,,,,,,,,,,,,,,,,,,,,,,,,,,,,,,,,,64
,,,,,,,,,,,,,,,,,,,,,,,,,,,,,,,,,,,,,,,,,,,,,,,,65
,,,,,,,,,,,,,,,,,,,,,,,,,,,,,,,,,,,,,,,,,,,,,,,,66
,,,,,,,,,,,,,,,,,,,,,,,,,,,,,,,,,,,,,,,,,,,,,,,,67
,,,,,,,,,,,,,,,,,,,,,,,,,,,,,,,,,,,,,,,,,,,,,,,,68
,,,,,,,,,,,,,,,,,,,,,,,,,,,,,,,,,,,,,,,,,,,,,,,,69
,,,,,,,,,,,,,,,,,,,,,,,,,,,,,,,,,,,,,,,,,,,,,,,,70
,,,,,,,,,,,,,,,,,,,,,,,,,,,,,,,,,,,,,,,,,,,,,,,,71
,,,,,,,,,,,,,,,,,,,,,,,,,,,,,,,,,,,,,,,,,,,,,,,,72
,,,,,,,,,,,,,,,,,,,,,,,,,,,,,,,,,,,,,,,,,,,,,,,,73
